Region,
North Africa,Algeria
North Africa,Libya
North Africa,Morocco
North Africa,Tunisia
North Africa,Sub-Saharan
North Africa,Angola
North Africa,Benin
North Africa,Botswana
North Africa,Burkina Faso
North Africa,Burundi
North Africa,Cameroon
North Africa,Cape Verde
North Africa,Central African Republic
North Africa,Chad
North Africa,"Congo, Rep."
North Africa,"Congo, Dem. Rep."
North Africa,Côte d’Ivoire
North Africa,Djibouti
North Africa,Equatorial Guinea
North Africa,Eritrea
North Africa,Ethiopia
North Africa,Gabon
North Africa,"Gambia, The"
North Africa,Ghana
North Africa,Guinea
North Africa,Guinea-Bissau
North Africa,Kenya
North Africa,Lesotho
North Africa,Liberia
North Africa,Madagascar
North Africa,Malawi
North Africa,Mali
North Africa,Mauritania
North Africa,Mauritius
North Africa,Mozambique
North Africa,Namibia
North Africa,Niger
North Africa,Nigeria
North Africa,Rwanda
North Africa,Senegal
North Africa,Seychelles
North Africa,Sierra Leone
North Africa,Somalia
North Africa,South Africa
North Africa,South Sudan
North Africa,Sudan
North Africa,eSwatini
North Africa,Tanzania
North Africa,Togo
North Africa,Uganda
North Africa,Zambia
North Africa,Zimbabwe
Central America and the Caribbean,Belize
Central America and the Caribbean,Costa Rica
Central America and the Caribbean,Cuba
Central America and the Caribbean,Dominican Rep.
Central America and the Caribbean,El Salvador
Central America and the Caribbean,Guatemala
Central America and the Caribbean,Haiti
Central America and the Caribbean,Honduras
Central America and the Caribbean,Jamaica
Central America and the Caribbean,Mexico
Central America and the Caribbean,Nicaragua
Central America and the Caribbean,Panama
Central America and the Caribbean,Trinidad and Tobago
North America,Canada
North America,United States
South America,Argentina
South America,Bolivia
South America,Brazil
South America,Chile
South America,Colombia
South America,Ecuador
South America,Guyana
South America,Paraguay
South America,Peru
South America,Uruguay
South America,"Venezuela, RB"
Central Asia,Kazakhstan
Central Asia,Kyrgyz Republic
Central Asia,Tajikistan
Central Asia,Turkmenistan
Central Asia,Uzbekistan
East Asia,China
East Asia,Japan
East Asia,"Korea, North"
East Asia,"Korea, South"
East Asia,Mongolia
East Asia,Taiwan
South Asia,Afghanistan
South Asia,Bangladesh
South Asia,India
South Asia,Nepal
South Asia,Pakistan
South Asia,Sri Lanka
South-East Asia,Brunei
South-East Asia,Cambodia
South-East Asia,Indonesia
South-East Asia,Lao PDR
South-East Asia,Malaysia
South-East Asia,Myanmar
South-East Asia,Philippines
South-East Asia,Singapore
South-East Asia,Thailand
South-East Asia,Timor-Leste
South-East Asia,Viet Nam
Oceania,Australia
Oceania,Fiji
Oceania,New Zealand
Oceania,Papua New Guinea
Central Europe,Albania
Central Europe,Bosnia and Herzegovina
Central Europe,Bulgaria
Central Europe,Croatia
Central Europe,Czechia
Central Europe,Czechoslovakia
Central Europe,Estonia
Central Europe,German DR
Central Europe,Hungary
Central Europe,Kosovo
Central Europe,Latvia
Central Europe,Lithuania
Central Europe,Montenegro
Central Europe,North Macedonia
Central Europe,Poland
Central Europe,Romania
Central Europe,Serbia
Central Europe,Slovakia
Central Europe,Slovenia
Central Europe,Yugoslavia
Eastern Europe,Armenia
Eastern Europe,Azerbaijan
Eastern Europe,Belarus
Eastern Europe,Georgia
Eastern Europe,Moldova
Eastern Europe,Russian Federation
Eastern Europe,Ukraine
Western Europe,Austria
Western Europe,Belgium
Western Europe,Cyprus
Western Europe,Denmark
Western Europe,Finland
Western Europe,France
Western Europe,Germany
Western Europe,Greece
Western Europe,Iceland
Western Europe,Ireland
Western Europe,Italy
Western Europe,Luxembourg
Western Europe,Malta
Western Europe,Netherlands
Western Europe,Norway
Western Europe,Portugal
Western Europe,Spain
Western Europe,Sweden
Western Europe,Switzerland
Western Europe,United Kingdom
Middle East,Bahrain
Middle East,"Egypt, Arab Rep."
Middle East,"Iran, Islamic Rep."
Middle East,Iraq
Middle East,Israel
Middle East,Jordan
Middle East,Kuwait
Middle East,Lebanon
Middle East,Oman
Middle East,Qatar
Middle East,Saudi Arabia
Middle East,Syrian Arab Republic
Middle East,Turkey
Middle East,UAE
Middle East,"Yemen, Rep."
Middle East,"Yemen, North"